{"cf4c4d24-798d-4bbe-bf06-23ca674f0d28": {"MP": "P.E. (Pieter) Heerma", "PartyName": "CDA", "PartyID": "62c1a13c-85ff-40ed-90f7-a9546d61f869"}, "cefbf19c-653b-4af7-84a6-e17fba0e4a70": {"MP": "A. van Ojik", "PartyName": "GL", "PartyID": "8fd1a907-0355-4d27-8dc1-fd5a531b471e"}, "16be6093-7884-4d00-ae31-70dc7062f57a": {"MP": "E.M.J. Ploumen", "PartyName": "PvdA", "PartyID": "8d46d23c-4f20-49be-b279-5439a2ef8d17"}, "44081df1-828e-4d79-bd27-261be38f66f1": {"MP": "H. Nijboer", "PartyName": "PvdA", "PartyID": "8d46d23c-4f20-49be-b279-5439a2ef8d17"}, "66b2be3d-10f8-46a4-90c6-b86005df0a50": {"MP": "S. Maatoug", "PartyName": "GL", "PartyID": "8fd1a907-0355-4d27-8dc1-fd5a531b471e"}, "5d54939f-2da7-4ca6-b159-4ef344336b21": {"MP": "L. van Raan", "PartyName": "PvdD", "PartyID": "d3b4d880-ef37-4ce6-99ec-4940266ac466"}, "d1bb566e-a111-43b7-8856-273ebac1f753": {"MP": "S.P.R.A. van Weyenberg", "PartyName": "D66", "PartyID": "4e9f6f5b-2544-4667-8134-6b85c4ebb4e0"}, "88bf9f29-aa91-4ddd-ad2d-b73dfe6706ef": {"MP": "A. Kuik", "PartyName": "CDA", "PartyID": "62c1a13c-85ff-40ed-90f7-a9546d61f869"}, "388e72cf-63dd-4839-9ce7-5491b6bdcfd8": {"MP": "M.H. Bikker", "PartyName": "", "PartyID": 0}, "58e27c9a-59be-407b-8213-714cf1d3acc4": {"MP": "S. \u00d6zt\u00fcrk", "PartyName": "DENK", "PartyID": "deb74bb5-63a9-4ffc-98ed-af577167452e"}, "64457f28-37b6-4948-860a-f28bc62b99ae": {"MP": "S.A.M. Kaag", "PartyName": "D66", "PartyID": "4e9f6f5b-2544-4667-8134-6b85c4ebb4e0"}, "bf8eb79e-5034-4882-a4c5-413baba477d5": {"MP": "W.B. Hoekstra", "PartyName": "CDA", "PartyID": "62c1a13c-85ff-40ed-90f7-a9546d61f869"}, "9b13c8c8-eba4-411e-b095-858e352d3178": {"MP": "R. Bisschop", "PartyName": "SGP", "PartyID": "77f9b6f1-b1a9-4d1b-a05e-9936e79d8fa5"}, "819764fa-3a17-467b-8327-30899ed083b6": {"MP": "D.J.G. Graus", "PartyName": "PVV", "PartyID": "65129918-f256-4975-9da4-488da34d6695"}, "9d2229a5-c46a-485a-9b82-315e270c3e9a": {"MP": "S. van Veldhoven", "PartyName": "D66", "PartyID": "4e9f6f5b-2544-4667-8134-6b85c4ebb4e0"}, "6d33b9bc-7d3a-4a60-b2d7-c2b70cd11ab1": {"MP": "G. Wilders", "PartyName": "PVV", "PartyID": "65129918-f256-4975-9da4-488da34d6695"}, "aa0272f6-6e3c-41f7-b040-b774b30d2196": {"MP": "V.A. Bergkamp", "PartyName": "D66", "PartyID": "4e9f6f5b-2544-4667-8134-6b85c4ebb4e0"}, "26f7a84e-45c7-4a94-94a2-f00a20c201aa": {"MP": "J.H. Terpstra", "PartyName": "CDA", "PartyID": "62c1a13c-85ff-40ed-90f7-a9546d61f869"}, "e7f0d8e8-4c52-4d0a-8b94-28729046f45b": {"MP": "M.J.F. van Helvert", "PartyName": "CDA", "PartyID": "62c1a13c-85ff-40ed-90f7-a9546d61f869"}, "29124ef6-e1d5-4138-bf01-8433afde7269": {"MP": "S. Belhaj", "PartyName": "D66", "PartyID": "4e9f6f5b-2544-4667-8134-6b85c4ebb4e0"}, "238396aa-d91b-46ee-a7e9-301e9ac7bd7e": {"MP": "J.S. Voordewind", "PartyName": "CU", "PartyID": "d720f5af-0516-408a-b830-0b6ffb8a581c"}, "e5c9b4ba-9064-4858-a052-bb3bbecfac4b": {"MP": "N.P.M. Klein", "PartyName": "Klein", "PartyID": "eb72ccb0-e80a-42d0-8b15-ebc30051447c"}, "c0d8ed4a-ec11-48e2-a468-6cd93327305b": {"MP": "J.A.M.J. van den Berg", "PartyName": "CDA", "PartyID": "62c1a13c-85ff-40ed-90f7-a9546d61f869"}, "c3b1dca8-2cb4-4025-9527-36163a098c1f": {"MP": "A.D. Wiersma", "PartyName": "VVD", "PartyID": "7476e97a-3243-4122-9df6-ba7d82a5279b"}, "16596afa-9e56-4d0a-a715-f40592825937": {"MP": "T. Kuzu", "PartyName": "DENK", "PartyID": "deb74bb5-63a9-4ffc-98ed-af577167452e"}, "b50b3f0b-afc8-46e5-bfda-cb60e2935a5a": {"MP": "B.A.W. Snels", "PartyName": "GL", "PartyID": "8fd1a907-0355-4d27-8dc1-fd5a531b471e"}, "e6cc253d-14cb-437b-be88-4966f5fcb1f5": {"MP": "R.M. Leijten", "PartyName": "SP", "PartyID": "a3689bb6-3914-4d5c-a6a8-42e24582e299"}, "1c16919b-5c3f-486c-9cc7-bdd00e29e9a4": {"MP": "E. Ouwehand", "PartyName": "PvdD", "PartyID": "d3b4d880-ef37-4ce6-99ec-4940266ac466"}, "1c889902-6ede-427c-8682-000f683fffaa": {"MP": "M. Agema", "PartyName": "PVV", "PartyID": "65129918-f256-4975-9da4-488da34d6695"}, "3e48d4c9-0d66-4b50-9f9c-969b5e314a42": {"MP": "N.L. den Haan", "PartyName": "Fractie Den Haan", "PartyID": "ea1ba564-db2c-4c57-b867-91ac4dcc5643"}, "56a86879-60e4-4cdb-b5f1-b66d6d090798": {"MP": "J.P. Kwint", "PartyName": "SP", "PartyID": "a3689bb6-3914-4d5c-a6a8-42e24582e299"}, "b7a52679-bac9-4e00-9dfd-06a22a7cf088": {"MP": "M. Mohandis", "PartyName": "PvdA", "PartyID": "8d46d23c-4f20-49be-b279-5439a2ef8d17"}, "d0d8dcbd-4818-4925-a684-13767c7dae0d": {"MP": "E.J. Slootweg", "PartyName": "CDA", "PartyID": "62c1a13c-85ff-40ed-90f7-a9546d61f869"}, "0ea8e29d-3bfe-4982-8594-9350b527d553": {"MP": "S.M. Beckerman", "PartyName": "SP", "PartyID": "a3689bb6-3914-4d5c-a6a8-42e24582e299"}, "9ea41959-b952-4e42-92fb-bc616ac17241": {"MP": "H.A.G. Ronnes", "PartyName": "CDA", "PartyID": "62c1a13c-85ff-40ed-90f7-a9546d61f869"}, "88e0734b-8c03-4daa-8ec5-055e36c07030": {"MP": "D.A.N. Koerhuis", "PartyName": "VVD", "PartyID": "7476e97a-3243-4122-9df6-ba7d82a5279b"}, "446e3e45-8e03-4f8d-bb52-ea092634378f": {"MP": "W.J.H. Lodders", "PartyName": "VVD", "PartyID": "7476e97a-3243-4122-9df6-ba7d82a5279b"}, "202e3325-7f81-4c5a-8aee-386a4bcd87e2": {"MP": "H.J. Grashoff", "PartyName": "GL", "PartyID": "8fd1a907-0355-4d27-8dc1-fd5a531b471e"}, "10870c31-0253-4fa0-a2bc-1a6d3c553028": {"MP": "J.L. Geurts", "PartyName": "CDA", "PartyID": "62c1a13c-85ff-40ed-90f7-a9546d61f869"}, "762e0f40-f100-4896-85a2-b1d8818fae41": {"MP": "T.C. (Tjeerd) de Groot", "PartyName": "D66", "PartyID": "4e9f6f5b-2544-4667-8134-6b85c4ebb4e0"}, "71cbc21c-4e36-4df7-9f58-e15a1c1f162c": {"MP": "R.K. Dik-Faber", "PartyName": "CU", "PartyID": "d720f5af-0516-408a-b830-0b6ffb8a581c"}, "ee32e8d2-aa15-4603-901e-2cc3c72e9ead": {"MP": "A.H. (Agnes) Mulder", "PartyName": "CDA", "PartyID": "62c1a13c-85ff-40ed-90f7-a9546d61f869"}, "9ab41898-332f-4c08-a834-d58b4669c990": {"MP": "D. Yesilg\u00f6z-Zegerius", "PartyName": "VVD", "PartyID": "7476e97a-3243-4122-9df6-ba7d82a5279b"}, "d53f00ee-a955-434a-b636-f07d79859c49": {"MP": "M.F. Sienot", "PartyName": "D66", "PartyID": "4e9f6f5b-2544-4667-8134-6b85c4ebb4e0"}, "75a44c3a-5914-4c8e-9ca4-d987853f5844": {"MP": "T.M.T. van der Lee", "PartyName": "GL", "PartyID": "8fd1a907-0355-4d27-8dc1-fd5a531b471e"}, "dc9f60e4-e1a4-487b-a002-40b3c77ba896": {"MP": "C. La\u00e7in", "PartyName": "SP", "PartyID": "a3689bb6-3914-4d5c-a6a8-42e24582e299"}, "89d70a20-bd10-46ed-866a-2c79362a0559": {"MP": "S.C. Kr\u00f6ger", "PartyName": "GL", "PartyID": "8fd1a907-0355-4d27-8dc1-fd5a531b471e"}, "cabae19e-836c-48c4-903e-7357789f9260": {"MP": "G.J. (Gijs) van Dijk", "PartyName": "PvdA", "PartyID": "8d46d23c-4f20-49be-b279-5439a2ef8d17"}, "a962ffcb-a300-45e1-8850-70c7173c233e": {"MP": "B. Becker", "PartyName": "VVD", "PartyID": "7476e97a-3243-4122-9df6-ba7d82a5279b"}, "d653bf17-e60f-4512-9258-a68ec026e381": {"MP": "W. Hachchi", "PartyName": "D66", "PartyID": "4e9f6f5b-2544-4667-8134-6b85c4ebb4e0"}, "b1e4718d-bf16-4b46-91fd-946b42bed3af": {"MP": "L. Jacobi", "PartyName": "PvdA", "PartyID": "8d46d23c-4f20-49be-b279-5439a2ef8d17"}, "ac61813c-2d49-4318-b5d0-32e3559b8db4": {"MP": "S.M.J.G. Gesthuizen", "PartyName": "SP", "PartyID": "a3689bb6-3914-4d5c-a6a8-42e24582e299"}, "bf030048-0434-42f1-bbed-8b0c04014db4": {"MP": "S.W. Sjoerdsma", "PartyName": "D66", "PartyID": "4e9f6f5b-2544-4667-8134-6b85c4ebb4e0"}, "c7822b58-103f-4612-87ef-648be97192c6": {"MP": "E.M. Westerveld", "PartyName": "GL", "PartyID": "8fd1a907-0355-4d27-8dc1-fd5a531b471e"}, "859e1824-cc60-4304-9293-dca932ebbed2": {"MP": "S.R.T. van Baarle", "PartyName": "DENK", "PartyID": "deb74bb5-63a9-4ffc-98ed-af577167452e"}, "d07ef52c-cc10-4445-a3a1-dfe50371f110": {"MP": "F.P. Wassenberg", "PartyName": "PvdD", "PartyID": "d3b4d880-ef37-4ce6-99ec-4940266ac466"}, "8ee20f38-f3f0-4ff9-b5d9-84557b5ddcb1": {"MP": "H.H. van der Woude", "PartyName": "VVD", "PartyID": "7476e97a-3243-4122-9df6-ba7d82a5279b"}, "ffb9d98c-95af-42f8-974f-a0eb99c90837": {"MP": "C. van Nieuwenhuizen-Wijbenga", "PartyName": "VVD", "PartyID": "7476e97a-3243-4122-9df6-ba7d82a5279b"}, "13e26587-88d8-440b-bb93-527a8e845342": {"MP": "R.M. Boucke", "PartyName": "D66", "PartyID": "4e9f6f5b-2544-4667-8134-6b85c4ebb4e0"}, "e70c3ee3-cca2-4521-abea-b124dcec0952": {"MP": "H.E. de Hoop", "PartyName": "PvdA", "PartyID": "8d46d23c-4f20-49be-b279-5439a2ef8d17"}, "17f26a48-9f54-42a1-9890-c6da761a9a2f": {"MP": "P.H. van Meenen", "PartyName": "D66", "PartyID": "4e9f6f5b-2544-4667-8134-6b85c4ebb4e0"}, "ab15ce32-a527-4526-a5b2-0f2cdb92feeb": {"MP": "W.R. van Haga", "PartyName": "Groep Van Haga", "PartyID": "7113623f-909d-4a24-a48e-c7577f851e63"}, "bb3a9cf3-6f64-4092-85a1-4318244ee603": {"MP": "T.H.P. Baudet", "PartyName": "FVD", "PartyID": "e0b7b638-de3c-47cc-85bd-341dd65ea33d"}, "1b59d69d-89a1-42c3-b5bf-52f38c39d88d": {"MP": "C.G. van der Staaij", "PartyName": "SGP", "PartyID": "77f9b6f1-b1a9-4d1b-a05e-9936e79d8fa5"}, "c128a46d-ebd9-4ee9-80cc-16bfe505e539": {"MP": "H.G.J. Bruins Slot", "PartyName": "CDA", "PartyID": "62c1a13c-85ff-40ed-90f7-a9546d61f869"}, "9c4710f5-fb0b-42cc-9d53-4cf5dfe6e27c": {"MP": "A.G. Wolbert", "PartyName": "PvdA", "PartyID": "8d46d23c-4f20-49be-b279-5439a2ef8d17"}, "3983584c-76b6-4a70-9040-dadc84949e88": {"MP": "J.M. van Eijs", "PartyName": "D66", "PartyID": "4e9f6f5b-2544-4667-8134-6b85c4ebb4e0"}, "4eacd971-8961-4956-b73b-7de0745de280": {"MP": "K.A.E. van den Hul", "PartyName": "PvdA", "PartyID": "8d46d23c-4f20-49be-b279-5439a2ef8d17"}, "ec571f94-11b8-47d7-bb47-fd0d2d7c7f07": {"MP": "K. Arib", "PartyName": "PvdA", "PartyID": "8d46d23c-4f20-49be-b279-5439a2ef8d17"}, "97ffe642-648f-4dab-a0e8-0720e96e3e35": {"MP": "J.Z.C.M. Tielen", "PartyName": "VVD", "PartyID": "7476e97a-3243-4122-9df6-ba7d82a5279b"}, "397c857a-fda0-414d-8fdc-8288cd3284aa": {"MP": "A.A. Aartsen", "PartyName": "VVD", "PartyID": "7476e97a-3243-4122-9df6-ba7d82a5279b"}, "bd954447-a92c-4899-a9a8-4a58569fd4d2": {"MP": "M.M. van Toorenburg", "PartyName": "CDA", "PartyID": "62c1a13c-85ff-40ed-90f7-a9546d61f869"}, "2690bccc-5463-459a-b1df-cb93e222b348": {"MP": "J.M. Paternotte", "PartyName": "D66", "PartyID": "4e9f6f5b-2544-4667-8134-6b85c4ebb4e0"}, "2211a588-7417-4e26-a386-801fe8798bd1": {"MP": "C.J.E. Kooiman", "PartyName": "SP", "PartyID": "a3689bb6-3914-4d5c-a6a8-42e24582e299"}, "09155809-0b6e-4f9f-a75b-026aa4b35588": {"MP": "F. Azarkan", "PartyName": "DENK", "PartyID": "deb74bb5-63a9-4ffc-98ed-af577167452e"}, "3b8c5482-7bdb-414b-97c7-ca34fb10da6f": {"MP": "C.J. Schouten", "PartyName": "CU", "PartyID": "d720f5af-0516-408a-b830-0b6ffb8a581c"}, "2b537cd5-1203-4c08-8118-b295796deb07": {"MP": "T.U. Hiddema", "PartyName": "FVD", "PartyID": "e0b7b638-de3c-47cc-85bd-341dd65ea33d"}, "808636f6-10d2-4ed6-a5fe-f98ab3fcbbee": {"MP": "M.G.W. den Boer", "PartyName": "D66", "PartyID": "4e9f6f5b-2544-4667-8134-6b85c4ebb4e0"}, "299782b9-b45f-4cd6-b1db-abee2be08d81": {"MP": "H.C.M. Krol", "PartyName": "Krol", "PartyID": "9baf43e2-3081-4fb1-93c4-6f002f395271"}, "fdc445bd-f8fe-4cfc-b387-7fd66a181674": {"MP": "M. van Nispen", "PartyName": "SP", "PartyID": "a3689bb6-3914-4d5c-a6a8-42e24582e299"}, "74b44968-d1f2-482a-a365-1fbb4cbda7f9": {"MP": "L.M.J.S. Helder", "PartyName": "PVV", "PartyID": "65129918-f256-4975-9da4-488da34d6695"}, "2b533923-83a2-4ac6-b497-934a549b50ab": {"MP": "J.J. (Jasper) van Dijk", "PartyName": "SP", "PartyID": "a3689bb6-3914-4d5c-a6a8-42e24582e299"}, "de674538-350f-4a5a-9f8e-fa8f7c4b93ca": {"MP": "S. de Rouwe", "PartyName": "CDA", "PartyID": "62c1a13c-85ff-40ed-90f7-a9546d61f869"}, "872e3c31-98a5-40cb-b7dc-9c821f3b1bca": {"MP": "T.E. Siderius", "PartyName": "SP", "PartyID": "a3689bb6-3914-4d5c-a6a8-42e24582e299"}, "81552958-ef83-4fab-8a92-6e5b1975c9ef": {"MP": "E. (Emiel) van Dijk", "PartyName": "PVV", "PartyID": "65129918-f256-4975-9da4-488da34d6695"}, "39023322-8e6c-4cb4-b42d-c5bf80377dd6": {"MP": "L.G.J. Voortman", "PartyName": "GL", "PartyID": "8fd1a907-0355-4d27-8dc1-fd5a531b471e"}, "d847851a-777b-43c6-83b3-392672659edc": {"MP": "P.H. Omtzigt", "PartyName": "Omtzigt", "PartyID": "acc6e04b-e53e-489b-8904-dc91d3af2e11"}, "ce747c36-3ef4-49e3-b55e-1bc99db62413": {"MP": "A.M.C. Eijsink", "PartyName": "PvdA", "PartyID": "8d46d23c-4f20-49be-b279-5439a2ef8d17"}, "15959521-3e16-4fdb-be6b-36f0b0504e6d": {"MP": "P.H.M. Smeulders", "PartyName": "GL", "PartyID": "8fd1a907-0355-4d27-8dc1-fd5a531b471e"}, "4a92f48a-0387-47c7-800e-cf59692e6411": {"MP": "M.R.J. Rog", "PartyName": "CDA", "PartyID": "62c1a13c-85ff-40ed-90f7-a9546d61f869"}, "5d3c16f6-cad0-432f-b850-8a62cfb6526c": {"MP": "T.M. Jadnanansing", "PartyName": "PvdA", "PartyID": "8d46d23c-4f20-49be-b279-5439a2ef8d17"}, "a8e4581d-5186-4367-95c5-0a754c60b276": {"MP": "E.M. van Esch", "PartyName": "PvdD", "PartyID": "d3b4d880-ef37-4ce6-99ec-4940266ac466"}, "016247cb-6d9f-408a-9581-ae3769016076": {"MP": "H.P.M. Hijink", "PartyName": "SP", "PartyID": "a3689bb6-3914-4d5c-a6a8-42e24582e299"}, "74c13ffe-54e0-4cfd-a5fd-f21de61a0995": {"MP": "M.R.H.M. von Martels", "PartyName": "CDA", "PartyID": "62c1a13c-85ff-40ed-90f7-a9546d61f869"}, "1e4f3007-3e72-4135-80e0-238966189fd4": {"MP": "M. Amhaouch", "PartyName": "CDA", "PartyID": "62c1a13c-85ff-40ed-90f7-a9546d61f869"}, "36ff4d40-ec26-4ba3-9370-3ec3b73c42ff": {"MP": "J.W.M. Kerstens", "PartyName": "PvdA", "PartyID": "8d46d23c-4f20-49be-b279-5439a2ef8d17"}, "9c8bc5bc-8d13-4c11-be37-57a43a1d734b": {"MP": "S.P.A. Erkens", "PartyName": "VVD", "PartyID": "7476e97a-3243-4122-9df6-ba7d82a5279b"}, "942a29b8-057f-4dba-a8cd-3c35e5a81aaf": {"MP": "H. Bontenbal", "PartyName": "CDA", "PartyID": "62c1a13c-85ff-40ed-90f7-a9546d61f869"}, "b41b2403-9f06-4d55-adc5-b0777373ca7e": {"MP": "C.A.M. van der Plas", "PartyName": "BBB", "PartyID": "626555ac-e836-44e3-9978-a6a7f0abc3ce"}, "f31cabe4-e1f4-46db-88a9-b46ba44dded4": {"MP": "N. G\u00fcndogan", "PartyName": "G\u00fcndo\u011fan", "PartyID": "ab3fa1a5-3bd9-413e-957f-61b2a697c967"}, "98aa8bde-85b0-49ed-9795-e2eeb206e3b8": {"MP": "C. Stoffer", "PartyName": "SGP", "PartyID": "77f9b6f1-b1a9-4d1b-a05e-9936e79d8fa5"}, "bb6801d4-f671-4ade-aa86-29aa89373dd9": {"MP": "M.\u00d6. Alkaya", "PartyName": "SP", "PartyID": "a3689bb6-3914-4d5c-a6a8-42e24582e299"}, "c955972d-2702-4d28-8461-262072218f3f": {"MP": "B. Visser", "PartyName": "VVD", "PartyID": "7476e97a-3243-4122-9df6-ba7d82a5279b"}, "f0ff5ae5-e0e8-4a26-af3a-93c8b5947dc4": {"MP": "D. Hoogland", "PartyName": "PvdA", "PartyID": "8d46d23c-4f20-49be-b279-5439a2ef8d17"}, "c1c11045-81c6-43a3-96e4-4cc6d5f2fbb4": {"MP": "F. Koser Kaya", "PartyName": "D66", "PartyID": "4e9f6f5b-2544-4667-8134-6b85c4ebb4e0"}, "77c541d2-49e3-483f-869d-134df420c5ea": {"MP": "A. Kops", "PartyName": "PVV", "PartyID": "65129918-f256-4975-9da4-488da34d6695"}, "a396ae20-6309-456b-a5ae-e4068dea8a67": {"MP": "A.P.C. (Tony) van Dijck", "PartyName": "PVV", "PartyID": "65129918-f256-4975-9da4-488da34d6695"}, "196d0048-0369-4786-ba81-bda9da8c3636": {"MP": "B. van Kent", "PartyName": "SP", "PartyID": "a3689bb6-3914-4d5c-a6a8-42e24582e299"}, "356e5fc9-831f-4d9c-be2f-fd35a99e865b": {"MP": "H.M. Palland", "PartyName": "CDA", "PartyID": "62c1a13c-85ff-40ed-90f7-a9546d61f869"}, "dae67415-1ed1-4464-a59e-75170eb1925d": {"MP": "F.W. Futselaar", "PartyName": "SP", "PartyID": "a3689bb6-3914-4d5c-a6a8-42e24582e299"}, "68a869d7-3216-4208-9b57-e87405a11abb": {"MP": "Z. \u00d6zdil", "PartyName": "GL", "PartyID": "8fd1a907-0355-4d27-8dc1-fd5a531b471e"}, "14a5b9c6-b7e3-4a59-9083-ab81f1d50f7e": {"MP": "L. Ypma", "PartyName": "PvdA", "PartyID": "8d46d23c-4f20-49be-b279-5439a2ef8d17"}, "2e1211a4-9506-4dbe-ab15-1b881bb87074": {"MP": "L. van Tongeren", "PartyName": "GL", "PartyID": "8fd1a907-0355-4d27-8dc1-fd5a531b471e"}, "44d2b41e-0e28-46c4-972b-daf49b4d9824": {"MP": "E.M.A. Smaling", "PartyName": "SP", "PartyID": "a3689bb6-3914-4d5c-a6a8-42e24582e299"}, "ab97f146-7308-4a7e-9197-2ef5ee467a95": {"MP": "E. Dijkgraaf", "PartyName": "SGP", "PartyID": "77f9b6f1-b1a9-4d1b-a05e-9936e79d8fa5"}, "c6b2bdaf-8c1f-4b88-a8cb-167941b98bfb": {"MP": "R.A. van Vliet", "PartyName": "Van Vliet", "PartyID": "e2c3dd23-f247-430a-9c94-53f9f5c06c0b"}, "95b979e4-888d-402d-8167-4f817cea413b": {"MP": "P. Ulenbelt", "PartyName": "SP", "PartyID": "a3689bb6-3914-4d5c-a6a8-42e24582e299"}, "aa612b6e-b61d-43a8-8775-c83839a9f6ef": {"MP": "J.J. van Klaveren", "PartyName": "GrBvK", "PartyID": "fc594dee-bad8-4caf-ba89-9496537c3527"}, "7c43c8c2-1958-496c-8060-b0f3bf652992": {"MP": "B. Madlener", "PartyName": "PVV", "PartyID": "65129918-f256-4975-9da4-488da34d6695"}, "337a0873-453c-459f-99c7-2726975a71da": {"MP": "H. van der Molen", "PartyName": "CDA", "PartyID": "62c1a13c-85ff-40ed-90f7-a9546d61f869"}, "edefa48b-f14e-4ec3-ab3c-dfe2aa0126ec": {"MP": "M.L. (Mei Li) Vos", "PartyName": "PvdA", "PartyID": "8d46d23c-4f20-49be-b279-5439a2ef8d17"}, "6bfaf570-5b6f-41e1-baf2-b833f6203513": {"MP": "G.J.P. van Otterloo", "PartyName": "50PLUS", "PartyID": "a34bf6c8-834e-4dba-b4d2-f2f1b3957bd2"}, "b29c0e00-7ac2-4c28-ab4f-8fceb156337b": {"MP": "C.M. van Brenk", "PartyName": "50PLUS", "PartyID": "a34bf6c8-834e-4dba-b4d2-f2f1b3957bd2"}, "9f3aadb0-0f76-49b8-9e54-126c97fc0ae8": {"MP": "H. Fokke", "PartyName": "PvdA", "PartyID": "8d46d23c-4f20-49be-b279-5439a2ef8d17"}, "1bdd5fcc-6231-4781-a4b6-413ae942af01": {"MP": "G.J.M. Segers", "PartyName": "CU", "PartyID": "d720f5af-0516-408a-b830-0b6ffb8a581c"}, "8ba16b4b-5dc1-441e-9229-8bb63c903ce1": {"MP": "W.P.H.J. Peters", "PartyName": "CDA", "PartyID": "62c1a13c-85ff-40ed-90f7-a9546d61f869"}, "81d3a9a6-03c1-424b-873f-2df53af69e6c": {"MP": "P. Oskam", "PartyName": "CDA", "PartyID": "62c1a13c-85ff-40ed-90f7-a9546d61f869"}, "49be3576-cea3-46c0-87eb-89beb108248d": {"MP": "R.A.A. Jetten", "PartyName": "D66", "PartyID": "4e9f6f5b-2544-4667-8134-6b85c4ebb4e0"}, "c606904d-daef-44ff-bd30-cfdc1e6b5185": {"MP": "L. Bontes", "PartyName": "GrBvK", "PartyID": "fc594dee-bad8-4caf-ba89-9496537c3527"}, "197b435e-29b1-4b69-8c6a-b38bc44ffce3": {"MP": "L.M.C. Marijnissen", "PartyName": "SP", "PartyID": "a3689bb6-3914-4d5c-a6a8-42e24582e299"}, "ccea26dd-dcae-4174-8945-ec5cb568e951": {"MP": "L. Bromet", "PartyName": "GL", "PartyID": "8fd1a907-0355-4d27-8dc1-fd5a531b471e"}, "980a8ae3-b1c7-4912-ab9e-be3e6fd20d36": {"MP": "L. Vestering", "PartyName": "PvdD", "PartyID": "d3b4d880-ef37-4ce6-99ec-4940266ac466"}, "2d120900-fed8-43ae-a234-2bc4af510867": {"MP": "R.J. Klever", "PartyName": "PVV", "PartyID": "65129918-f256-4975-9da4-488da34d6695"}, "5ab23e3a-aed4-4713-9214-53336765be9d": {"MP": "L.F. Asscher", "PartyName": "PvdA", "PartyID": "8d46d23c-4f20-49be-b279-5439a2ef8d17"}, "7564c685-2691-4796-9159-ebd5df4fdc8d": {"MP": "C. Teunissen", "PartyName": "PvdD", "PartyID": "d3b4d880-ef37-4ce6-99ec-4940266ac466"}, "61721e3f-a394-42ff-9885-8a58aa1d1612": {"MP": "Y.J. van Hijum", "PartyName": "CDA", "PartyID": "62c1a13c-85ff-40ed-90f7-a9546d61f869"}, "0a77cc29-6953-4ca2-af45-37d4c83108a2": {"MP": "I.S.H. de Caluw\u00e9", "PartyName": "VVD", "PartyID": "7476e97a-3243-4122-9df6-ba7d82a5279b"}, "973da897-66c7-4010-a98d-505e0e97a60c": {"MP": "I.J.M. Michon-Derkzen", "PartyName": "VVD", "PartyID": "7476e97a-3243-4122-9df6-ba7d82a5279b"}, "0ae6735e-4b1b-4302-a20e-bbe5b72155c3": {"MP": "S.H. Simons", "PartyName": "BIJ1", "PartyID": "18e95d6d-1684-4fa0-968a-1a6140d2d793"}, "ba21eb65-8546-40e5-a425-0d228d0eaeac": {"MP": "E.E.W. Bruins", "PartyName": "CU", "PartyID": "d720f5af-0516-408a-b830-0b6ffb8a581c"}, "0314d9fa-9128-48ac-acdf-308380c77dde": {"MP": "S. Karabulut", "PartyName": "SP", "PartyID": "a3689bb6-3914-4d5c-a6a8-42e24582e299"}, "64522cbc-a297-4c67-a204-1e31deb91f68": {"MP": "H.P.J. van Gerven", "PartyName": "SP", "PartyID": "a3689bb6-3914-4d5c-a6a8-42e24582e299"}, "4d13ea1d-c9b6-4313-8ba0-fd040d8a319e": {"MP": "A.C.L. (Arno) Rutte", "PartyName": "VVD", "PartyID": "7476e97a-3243-4122-9df6-ba7d82a5279b"}, "75c8786e-c5c2-4d12-95ff-4b804234f062": {"MP": "M. de Graaf", "PartyName": "PVV", "PartyID": "65129918-f256-4975-9da4-488da34d6695"}, "84e7ec53-7bec-491e-bec7-19b6b1d359b1": {"MP": "S.R. Fritsma", "PartyName": "PVV", "PartyID": "65129918-f256-4975-9da4-488da34d6695"}, "eb79af3c-a66d-4374-b9e7-34d7f3e92dc7": {"MP": "H.A.J. Smolders", "PartyName": "Groep Van Haga", "PartyID": "7113623f-909d-4a24-a48e-c7577f851e63"}, "935fc903-0272-4f85-84e7-6c22aa9710f3": {"MP": "K. Verhoeven", "PartyName": "D66", "PartyID": "4e9f6f5b-2544-4667-8134-6b85c4ebb4e0"}, "4d6bf62d-9d27-49b5-b00f-254d6ff6e4e1": {"MP": "M. W\u00f6rsd\u00f6rfer", "PartyName": "VVD", "PartyID": "7476e97a-3243-4122-9df6-ba7d82a5279b"}, "551f9a19-738c-4298-afe1-5ca7959ab74b": {"MP": "C.E. Ellemeet", "PartyName": "GL", "PartyID": "8fd1a907-0355-4d27-8dc1-fd5a531b471e"}, "e10065e1-776d-4bf3-8669-56788c453079": {"MP": "W.J.T. Renkema", "PartyName": "GL", "PartyID": "8fd1a907-0355-4d27-8dc1-fd5a531b471e"}, "9431dc1b-9891-4d15-aaf1-b98e347c3b46": {"MP": "L.A. de Lange", "PartyName": "VVD", "PartyID": "7476e97a-3243-4122-9df6-ba7d82a5279b"}, "bf97025a-1c30-4042-bffe-948027f24e6c": {"MP": "A.E. Diertens", "PartyName": "D66", "PartyID": "4e9f6f5b-2544-4667-8134-6b85c4ebb4e0"}, "fd45195f-c35d-47c9-844e-a5893e10839e": {"MP": "A. van den Bosch", "PartyName": "VVD", "PartyID": "7476e97a-3243-4122-9df6-ba7d82a5279b"}, "8dfa0156-0834-4c00-87e8-c4e9919f781f": {"MP": "R.W. Knops", "PartyName": "CDA", "PartyID": "62c1a13c-85ff-40ed-90f7-a9546d61f869"}, "4c3e51e6-9f1e-49cc-a919-f74a8c88343e": {"MP": "A.H. Kuiken", "PartyName": "PvdA", "PartyID": "8d46d23c-4f20-49be-b279-5439a2ef8d17"}, "a68468b6-51ea-440c-9387-b44ba10ad8b6": {"MP": "L.A.J.M. Dassen", "PartyName": "Volt", "PartyID": "ae48391e-ce4d-47e0-86e3-ee310282f66f"}, "7cbb2d95-46b2-4fcb-b129-9505f56e7f07": {"MP": "D.G.M. Ceder", "PartyName": "CU", "PartyID": "d720f5af-0516-408a-b830-0b6ffb8a581c"}, "d38ca3cf-9803-48dc-8592-c67c4430168e": {"MP": "P.A. Grinwis", "PartyName": "CU", "PartyID": "d720f5af-0516-408a-b830-0b6ffb8a581c"}, "fd544ce8-6d2a-4d79-81e0-c240fcf1776e": {"MP": "K. Regterschot", "PartyName": "VVD", "PartyID": "7476e97a-3243-4122-9df6-ba7d82a5279b"}, "a4074721-5d4d-444a-bb98-1ddbc592a78a": {"MP": "N. \u00d6z\u00fctok", "PartyName": "GL", "PartyID": "8fd1a907-0355-4d27-8dc1-fd5a531b471e"}, "d6c2b5eb-b21a-440a-b628-75492d313ffa": {"MP": "J. Houwers", "PartyName": "Houwers", "PartyID": "5b457d01-2569-40e3-9201-b99b1d80c471"}, "dab4cf29-4843-4261-b09b-973fe98dbf65": {"MP": "K. Bouchallikh", "PartyName": "GL", "PartyID": "8fd1a907-0355-4d27-8dc1-fd5a531b471e"}, "522d59a0-10ba-488f-a27a-a1dda7581900": {"MP": "R.J. (Rudmer) Heerema", "PartyName": "VVD", "PartyID": "7476e97a-3243-4122-9df6-ba7d82a5279b"}, "1ee767b9-67f3-47e5-9e28-045da1c37b05": {"MP": "I. (Inge) van Dijk", "PartyName": "CDA", "PartyID": "62c1a13c-85ff-40ed-90f7-a9546d61f869"}, "fb291eb2-962a-482f-971a-0b62673f9a86": {"MP": "J.M.P. van der Laan", "PartyName": "D66", "PartyID": "4e9f6f5b-2544-4667-8134-6b85c4ebb4e0"}, "0b55495e-b33f-4707-96b7-d9c62bb68669": {"MP": "P.J. Duisenberg", "PartyName": "VVD", "PartyID": "7476e97a-3243-4122-9df6-ba7d82a5279b"}, "0d036fcf-a456-4798-9b76-3f44eb74a451": {"MP": "J.F. Klaver", "PartyName": "GL", "PartyID": "8fd1a907-0355-4d27-8dc1-fd5a531b471e"}, "44f6140e-9776-4c08-bd68-5dde99f2ab62": {"MP": "A.G. Schouw", "PartyName": "D66", "PartyID": "4e9f6f5b-2544-4667-8134-6b85c4ebb4e0"}, "d34e1efc-fbba-4ad8-823a-61bc3f25d580": {"MP": "M. Koekkoek", "PartyName": "Volt", "PartyID": "ae48391e-ce4d-47e0-86e3-ee310282f66f"}, "e85125f3-b7cf-426c-9355-412838893f55": {"MP": "F. Boulakjar", "PartyName": "D66", "PartyID": "4e9f6f5b-2544-4667-8134-6b85c4ebb4e0"}, "c60c655f-40ba-47b0-8e93-a2c8d1ff4743": {"MP": "R. de Roon", "PartyName": "PVV", "PartyID": "65129918-f256-4975-9da4-488da34d6695"}, "6fc5878e-d76a-4e9d-a4e3-e5ef581bb2ff": {"MP": "R. Raemakers", "PartyName": "D66", "PartyID": "4e9f6f5b-2544-4667-8134-6b85c4ebb4e0"}, "56cbb44d-9390-480d-b686-56da6c2d6d35": {"MP": "A. Bosman", "PartyName": "VVD", "PartyID": "7476e97a-3243-4122-9df6-ba7d82a5279b"}, "c3adeaa2-c232-48f9-967d-caf4b0b51719": {"MP": "A.W. Lucas", "PartyName": "VVD", "PartyID": "7476e97a-3243-4122-9df6-ba7d82a5279b"}, "fa4d473c-e553-439e-8f53-ca5f2b203dbd": {"MP": "S.J.F. van der Graaf", "PartyName": "CU", "PartyID": "d720f5af-0516-408a-b830-0b6ffb8a581c"}, "ae91b7a3-544d-40c7-8373-815a0bd18cf0": {"MP": "A.A.G.M. van Raak", "PartyName": "SP", "PartyID": "a3689bb6-3914-4d5c-a6a8-42e24582e299"}, "b4fdf408-8296-4d14-9e95-b4b96dc20751": {"MP": "C.J.L. van Dam", "PartyName": "CDA", "PartyID": "62c1a13c-85ff-40ed-90f7-a9546d61f869"}, "b9cfefa1-1e5e-4fd7-a9d5-458e4c3a20db": {"MP": "H.J. Beertema", "PartyName": "PVV", "PartyID": "65129918-f256-4975-9da4-488da34d6695"}, "94f6aaa0-69ed-4721-a62c-c2b592bec175": {"MP": "D.J. Eppink", "PartyName": "", "PartyID": 0}, "2aeb5ca9-f64f-4ec6-a0ce-83223bff4772": {"MP": "J. Thijssen", "PartyName": "PvdA", "PartyID": "8d46d23c-4f20-49be-b279-5439a2ef8d17"}, "a1877608-2b03-4620-b854-d57de44cd52e": {"MP": "R.A.J. Schonis", "PartyName": "D66", "PartyID": "4e9f6f5b-2544-4667-8134-6b85c4ebb4e0"}, "1456a009-770b-4820-8919-55287a5780a7": {"MP": "F. van Oosten", "PartyName": "VVD", "PartyID": "7476e97a-3243-4122-9df6-ba7d82a5279b"}, "eef0e09f-c709-4de5-8b44-086876d5f631": {"MP": "J. Recourt", "PartyName": "PvdA", "PartyID": "8d46d23c-4f20-49be-b279-5439a2ef8d17"}, "0e34f732-337a-4339-961f-8c18d68e714d": {"MP": "M.L.J. Paul", "PartyName": "VVD", "PartyID": "7476e97a-3243-4122-9df6-ba7d82a5279b"}, "8349fff0-99b3-449a-bd4d-932ae95b29da": {"MP": "H. Kat", "PartyName": "D66", "PartyID": "4e9f6f5b-2544-4667-8134-6b85c4ebb4e0"}, "93ace320-ab4e-42d3-9783-b2e2e02eb546": {"MP": "C.N.A. Nijkerken-de Haan", "PartyName": "VVD", "PartyID": "7476e97a-3243-4122-9df6-ba7d82a5279b"}, "4bfc5a46-654d-445f-9b71-fc3e06d40ae4": {"MP": "F. Bashir", "PartyName": "SP", "PartyID": "a3689bb6-3914-4d5c-a6a8-42e24582e299"}, "cfb17042-9f10-4e44-99f4-358bad067455": {"MP": "M.J. van Rooijen", "PartyName": "50PLUS", "PartyID": "a34bf6c8-834e-4dba-b4d2-f2f1b3957bd2"}, "7897cad0-5099-4630-9311-65cc01450063": {"MP": "R.J. (Remco) Dijkstra", "PartyName": "VVD", "PartyID": "7476e97a-3243-4122-9df6-ba7d82a5279b"}, "0ac5a30c-b25b-41cf-97ce-b3c1b3687202": {"MP": "M. Groothuizen", "PartyName": "D66", "PartyID": "4e9f6f5b-2544-4667-8134-6b85c4ebb4e0"}, "a901d2d2-35f6-4341-bbfb-38e5d9b21d07": {"MP": "L.I. Diks", "PartyName": "GL", "PartyID": "8fd1a907-0355-4d27-8dc1-fd5a531b471e"}, "bf494e35-c009-4c74-a5c6-3cb2cd26bb51": {"MP": "A.A.H. van Campen", "PartyName": "VVD", "PartyID": "7476e97a-3243-4122-9df6-ba7d82a5279b"}, "012f6b98-9fad-4022-bbf9-edb9c7138a0f": {"MP": "W.J. Moorlag", "PartyName": "PvdA", "PartyID": "8d46d23c-4f20-49be-b279-5439a2ef8d17"}, "49e7fc50-90f5-4476-9275-c31f88864082": {"MP": "L.M. van Ginneken", "PartyName": "D66", "PartyID": "4e9f6f5b-2544-4667-8134-6b85c4ebb4e0"}, "ddaff486-ef62-4200-aeb9-eeb4bedcc620": {"MP": "A. Pechtold", "PartyName": "D66", "PartyID": "4e9f6f5b-2544-4667-8134-6b85c4ebb4e0"}, "77d2c6f1-3af4-4256-b52f-23fcb7bb8be2": {"MP": "B.G. de Boer", "PartyName": "VVD", "PartyID": "7476e97a-3243-4122-9df6-ba7d82a5279b"}, "c0648a21-11c6-4b4f-a4be-205d7dcbb746": {"MP": "J. Middendorp", "PartyName": "VVD", "PartyID": "7476e97a-3243-4122-9df6-ba7d82a5279b"}, "0c33030f-88e2-44c8-803d-6dd7c58c1378": {"MP": "R.P. van Laar", "PartyName": "PvdA", "PartyID": "8d46d23c-4f20-49be-b279-5439a2ef8d17"}, "ad8654f3-811a-4a63-ab7a-01bf76347caa": {"MP": "L.W.D. Geluk-Poortvliet", "PartyName": "CDA", "PartyID": "62c1a13c-85ff-40ed-90f7-a9546d61f869"}, "b8d002bc-ea6c-4f57-b36e-38415b205e09": {"MP": "A. (Aukje) de Vries", "PartyName": "VVD", "PartyID": "7476e97a-3243-4122-9df6-ba7d82a5279b"}, "4aa76e80-51db-4c6f-b97c-e7926b39a66c": {"MP": "M.L. Thieme", "PartyName": "PvdD", "PartyID": "d3b4d880-ef37-4ce6-99ec-4940266ac466"}, "edb8800b-6f1b-4e13-be0a-5b88fbd13c82": {"MP": "R.F.A. Oosenbrug", "PartyName": "PvdA", "PartyID": "8d46d23c-4f20-49be-b279-5439a2ef8d17"}, "face7642-1fd8-4ec1-a909-c2579b0bd8d2": {"MP": "W.L. Postma", "PartyName": "CDA", "PartyID": "62c1a13c-85ff-40ed-90f7-a9546d61f869"}, "a04d4b85-56f0-448f-b5e8-28b5340af204": {"MP": "M.J.T.G. van Beukering-Huijbregts", "PartyName": "D66", "PartyID": "4e9f6f5b-2544-4667-8134-6b85c4ebb4e0"}, "2b223ce1-e251-462b-a5fc-971c92bbf37c": {"MP": "D. de Neef", "PartyName": "VVD", "PartyID": "7476e97a-3243-4122-9df6-ba7d82a5279b"}, "4d73ea92-7e5c-4964-bc40-d80f38860ae4": {"MP": "K. Y\u00fccel", "PartyName": "PvdA", "PartyID": "8d46d23c-4f20-49be-b279-5439a2ef8d17"}, "3c3a7304-0f4d-4b1f-a953-a6515b8b7670": {"MP": "K.M. Buitenweg", "PartyName": "GL", "PartyID": "8fd1a907-0355-4d27-8dc1-fd5a531b471e"}, "2538ca6a-8254-4c7e-af71-a20db82afd30": {"MP": "O.C. Tellegen", "PartyName": "VVD", "PartyID": "7476e97a-3243-4122-9df6-ba7d82a5279b"}, "8c5a8186-8f46-4bca-956d-06d4fa521635": {"MP": "M.C.G. Keijzer", "PartyName": "CDA", "PartyID": "62c1a13c-85ff-40ed-90f7-a9546d61f869"}, "caaae646-de85-453f-b6e0-9b9b4f710f03": {"MP": "J.C. (Jan) Vos", "PartyName": "PvdA", "PartyID": "8d46d23c-4f20-49be-b279-5439a2ef8d17"}, "cfd07390-25a9-4fdb-bced-8a463530bf51": {"MP": "L.T. Bouwmeester", "PartyName": "PvdA", "PartyID": "8d46d23c-4f20-49be-b279-5439a2ef8d17"}, "c6f061f1-9cb7-4e0a-a281-4fc80527c5d7": {"MP": "S.A.M. Dijksma", "PartyName": "PvdA", "PartyID": "8d46d23c-4f20-49be-b279-5439a2ef8d17"}, "03a9cbc5-b47d-45b5-81a4-f926c6a326a8": {"MP": "J.S. Monasch", "PartyName": "Monasch", "PartyID": "2833a04a-0b87-4f74-bd9e-6597f695db43"}, "0137f25d-849f-428a-b69b-822301b2274e": {"MP": "S. Kerseboom", "PartyName": "FVD", "PartyID": "e0b7b638-de3c-47cc-85bd-341dd65ea33d"}, "1e8aa099-9c94-432d-bff7-ac9fe20ff3ff": {"MP": "D.G. Boswijk", "PartyName": "CDA", "PartyID": "62c1a13c-85ff-40ed-90f7-a9546d61f869"}, "8509e44d-0f9b-413a-a2cd-f64d656c3955": {"MP": "J. van den Hil", "PartyName": "VVD", "PartyID": "7476e97a-3243-4122-9df6-ba7d82a5279b"}, "0d70272a-5caf-4f32-aecb-76277e55999f": {"MP": "L.M. Werner", "PartyName": "CDA", "PartyID": "62c1a13c-85ff-40ed-90f7-a9546d61f869"}, "b625d2bf-da74-40a2-b013-2069a09dcb6c": {"MP": "P.J. Valstar", "PartyName": "VVD", "PartyID": "7476e97a-3243-4122-9df6-ba7d82a5279b"}, "06e42e42-dbc8-4ccd-ac29-880d2ba1d05f": {"MP": "E. Ziengs", "PartyName": "VVD", "PartyID": "7476e97a-3243-4122-9df6-ba7d82a5279b"}, "b3230578-426f-4b84-bfe2-6a8136c6a3af": {"MP": "A.J.M. Laan-Geselschap", "PartyName": "VVD", "PartyID": "7476e97a-3243-4122-9df6-ba7d82a5279b"}, "08ad50b1-831e-4f50-bed4-97d9d42b0752": {"MP": "R.J. Dekker", "PartyName": "FVD", "PartyID": "e0b7b638-de3c-47cc-85bd-341dd65ea33d"}, "f29c0ba8-4d4a-4cca-bb1b-229f68b4ae6a": {"MP": "S.M.G. Koopmans", "PartyName": "VVD", "PartyID": "7476e97a-3243-4122-9df6-ba7d82a5279b"}, "c6e26bd3-724f-45d3-93af-ef431e6fcd42": {"MP": "B.J. Eerdmans", "PartyName": "JA21", "PartyID": "fab6e7e1-9d63-446a-a6e1-e1c74e3f679e"}, "a59b540b-1460-4aa0-b9ce-19356f87c77e": {"MP": "R.R. van Aalst", "PartyName": "PVV", "PartyID": "65129918-f256-4975-9da4-488da34d6695"}, "ac969248-8799-4f53-ad71-76815c79da35": {"MP": "P.F.C. (Paulus) Jansen", "PartyName": "SP", "PartyID": "a3689bb6-3914-4d5c-a6a8-42e24582e299"}, "425ddb12-0b71-44b6-9875-70b075dc99f7": {"MP": "K.B. Hagen", "PartyName": "D66", "PartyID": "4e9f6f5b-2544-4667-8134-6b85c4ebb4e0"}, "e5f316f0-e4e7-4cf0-a064-ed9321737487": {"MP": "V. Maeijer", "PartyName": "PVV", "PartyID": "65129918-f256-4975-9da4-488da34d6695"}, "a437e923-725f-415e-a01d-5588a7af933e": {"MP": "K.P. Piri", "PartyName": "PvdA", "PartyID": "8d46d23c-4f20-49be-b279-5439a2ef8d17"}, "f23be4bd-7b2b-45dd-be84-4f76f11b624a": {"MP": "R.J. Kamminga", "PartyName": "VVD", "PartyID": "7476e97a-3243-4122-9df6-ba7d82a5279b"}, "5a2cb9b8-4a4c-4860-8793-59da092434b6": {"MP": "M.G.J. Harbers", "PartyName": "VVD", "PartyID": "7476e97a-3243-4122-9df6-ba7d82a5279b"}, "48d02bab-281c-4bd0-8a50-26bf90a38cc0": {"MP": "E. (Edgar) Mulder", "PartyName": "PVV", "PartyID": "65129918-f256-4975-9da4-488da34d6695"}, "8f6a5115-367e-4dc2-88c5-1eae50593652": {"MP": "N. Drost", "PartyName": "CU", "PartyID": "d720f5af-0516-408a-b830-0b6ffb8a581c"}, "49f5b5f1-da8f-40a0-b78e-0616e2f30f78": {"MP": "Y. Cegerek", "PartyName": "PvdA", "PartyID": "8d46d23c-4f20-49be-b279-5439a2ef8d17"}, "9bf12da8-39ea-4505-9500-764bc440cfc9": {"MP": "F.M. van Kooten-Arissen", "PartyName": "vKA", "PartyID": "6f14bed5-cf7c-4340-a334-b538bbea85a7"}, "7d18b6e3-de0c-4aea-bef8-242bbc38e936": {"MP": "J. van Wijngaarden", "PartyName": "VVD", "PartyID": "7476e97a-3243-4122-9df6-ba7d82a5279b"}, "a0b48551-42b7-4c55-9556-6b997d978ff2": {"MP": "P.C. (Peter) de Groot", "PartyName": "VVD", "PartyID": "7476e97a-3243-4122-9df6-ba7d82a5279b"}, "10eeecd7-86d3-462c-b305-b66c787d6c9b": {"MP": "K.C.J. Straus", "PartyName": "VVD", "PartyID": "7476e97a-3243-4122-9df6-ba7d82a5279b"}, "83a1ccbf-fe6a-4f7a-a0d0-4cf90337ab90": {"MP": "M.A. Berndsen-Jansen", "PartyName": "D66", "PartyID": "4e9f6f5b-2544-4667-8134-6b85c4ebb4e0"}, "ce400601-651e-4ac9-a43e-ed8d4817b7fd": {"MP": "P.J.T. van Strien", "PartyName": "VVD", "PartyID": "7476e97a-3243-4122-9df6-ba7d82a5279b"}, "666f31ca-041f-466d-9e78-804317921d69": {"MP": "R.H. (Romke) de Jong", "PartyName": "D66", "PartyID": "4e9f6f5b-2544-4667-8134-6b85c4ebb4e0"}, "5dfe97b2-fffb-4586-a999-1cbcfde80674": {"MP": "T.J.H. van den Nieuwenhuijzen", "PartyName": "GL", "PartyID": "8fd1a907-0355-4d27-8dc1-fd5a531b471e"}, "d642dcc9-3f86-49d1-96c9-ae2771d1e89a": {"MP": "B.M.G. Smals", "PartyName": "VVD", "PartyID": "7476e97a-3243-4122-9df6-ba7d82a5279b"}, "92fe14f9-9abe-4759-b311-8b635302c2f2": {"MP": "L.W.E. de Jong", "PartyName": "PVV", "PartyID": "65129918-f256-4975-9da4-488da34d6695"}, "ec273841-069f-408b-b434-8524904ae314": {"MP": "S. van Haersma Buma", "PartyName": "CDA", "PartyID": "62c1a13c-85ff-40ed-90f7-a9546d61f869"}, "0442fb6c-8441-4292-a275-5f701a223cfc": {"MP": "H.S. Veldman", "PartyName": "VVD", "PartyID": "7476e97a-3243-4122-9df6-ba7d82a5279b"}, "a900b4e7-92d9-4903-ab21-3189f17fe2e0": {"MP": "M.J.J. Rebel", "PartyName": "PvdA", "PartyID": "8d46d23c-4f20-49be-b279-5439a2ef8d17"}, "9f855643-68a2-409e-b4fe-81b92547212a": {"MP": "S. Mutluer", "PartyName": "PvdA", "PartyID": "8d46d23c-4f20-49be-b279-5439a2ef8d17"}, "754f2d87-8990-4b77-8181-54d8df8fa63a": {"MP": "G. Markuszower", "PartyName": "PVV", "PartyID": "65129918-f256-4975-9da4-488da34d6695"}, "03d66e4a-8698-44fb-9c29-625630da268c": {"MP": "A.R. Hammelburg", "PartyName": "D66", "PartyID": "4e9f6f5b-2544-4667-8134-6b85c4ebb4e0"}, "d9e78b0a-0a3b-44ef-acd9-15d6e9e19d60": {"MP": "J.J. Klink", "PartyName": "VVD", "PartyID": "7476e97a-3243-4122-9df6-ba7d82a5279b"}, "e5c4753f-d2d8-4a4a-ae9d-62118892a731": {"MP": "R.P. Brekelmans", "PartyName": "VVD", "PartyID": "7476e97a-3243-4122-9df6-ba7d82a5279b"}, "8711c928-b30d-4859-b091-74678ca63e5b": {"MP": "L. Sazias", "PartyName": "50PLUS", "PartyID": "a34bf6c8-834e-4dba-b4d2-f2f1b3957bd2"}, "07de26f3-a939-4ae4-b7a5-43f868a665d1": {"MP": "P.A. (Pia) Dijkstra", "PartyName": "D66", "PartyID": "4e9f6f5b-2544-4667-8134-6b85c4ebb4e0"}, "3dd45c3b-636a-4f17-b11c-72e3cfc56330": {"MP": "E.G.M. Roemer", "PartyName": "SP", "PartyID": "a3689bb6-3914-4d5c-a6a8-42e24582e299"}, "6ce9c9e8-daec-4ef0-b975-f372e100d3e6": {"MP": "A. Bouali", "PartyName": "D66", "PartyID": "4e9f6f5b-2544-4667-8134-6b85c4ebb4e0"}, "990c794a-2170-435a-8c43-97d4fd0e621e": {"MP": "J.G.P. Vermue", "PartyName": "PvdA", "PartyID": "8d46d23c-4f20-49be-b279-5439a2ef8d17"}, "0d09a569-a906-4f4f-a2fb-cb2fedbf1c8c": {"MP": "M.S. van Veen", "PartyName": "VVD", "PartyID": "7476e97a-3243-4122-9df6-ba7d82a5279b"}, "98cf30be-80d9-498a-966f-10f3ae8ffe22": {"MP": "H. Nepp\u00e9rus", "PartyName": "VVD", "PartyID": "7476e97a-3243-4122-9df6-ba7d82a5279b"}, "557f8bd5-9f66-4bed-9b5f-86746bb0600a": {"MP": "G.F.C. van Meijeren", "PartyName": "FVD", "PartyID": "e0b7b638-de3c-47cc-85bd-341dd65ea33d"}, "aa316142-d6ee-4138-bf48-37cd7d11d058": {"MP": "R.A. Vermeij", "PartyName": "PvdA", "PartyID": "8d46d23c-4f20-49be-b279-5439a2ef8d17"}, "54cbf78c-ae5e-49b7-8fcc-41d0fb7b5855": {"MP": "A.Z. Merkies", "PartyName": "SP", "PartyID": "a3689bb6-3914-4d5c-a6a8-42e24582e299"}, "c01b88c4-5507-49c5-9ec3-f08af6e6eace": {"MP": "T.R. van Dekken", "PartyName": "PvdA", "PartyID": "8d46d23c-4f20-49be-b279-5439a2ef8d17"}, "9522ae6b-a187-4f51-9df7-1b0feb767d6e": {"MP": "W. Koolmees", "PartyName": "D66", "PartyID": "4e9f6f5b-2544-4667-8134-6b85c4ebb4e0"}, "8133067c-1a90-482b-9ee4-e585a096ffb5": {"MP": "J.C.M. Swinkels", "PartyName": "D66", "PartyID": "4e9f6f5b-2544-4667-8134-6b85c4ebb4e0"}, "c8935902-45d6-45d6-ac31-77bc0e143154": {"MP": "A. Weverling", "PartyName": "VVD", "PartyID": "7476e97a-3243-4122-9df6-ba7d82a5279b"}, "3dbbf804-bad5-44f2-b8c7-091baf63758d": {"MP": "J.H. ten Broeke", "PartyName": "VVD", "PartyID": "7476e97a-3243-4122-9df6-ba7d82a5279b"}, "6c2ee55a-fa05-4a41-b522-c878c6a61ce8": {"MP": "A.A. (Albert) de Vries", "PartyName": "PvdA", "PartyID": "8d46d23c-4f20-49be-b279-5439a2ef8d17"}, "da9f33b0-80ca-49eb-a1ec-def3b46538d9": {"MP": "J.C. Sneller", "PartyName": "D66", "PartyID": "4e9f6f5b-2544-4667-8134-6b85c4ebb4e0"}, "581d8f64-6060-4cf0-b281-a46ad978cf0d": {"MP": "B. van 't Wout", "PartyName": "VVD", "PartyID": "7476e97a-3243-4122-9df6-ba7d82a5279b"}, "3239df09-c975-4598-b608-b67c74a07e08": {"MP": "H. Dekker-Abdulaziz", "PartyName": "D66", "PartyID": "4e9f6f5b-2544-4667-8134-6b85c4ebb4e0"}, "a3b17348-54cf-4bca-82d4-e62bd46c2fbc": {"MP": "E. Heinen", "PartyName": "VVD", "PartyID": "7476e97a-3243-4122-9df6-ba7d82a5279b"}, "7f3c60c7-b846-4f3a-a9f4-a18abf37bb3a": {"MP": "T. van Ark", "PartyName": "VVD", "PartyID": "7476e97a-3243-4122-9df6-ba7d82a5279b"}, "bdadad68-b920-4b3a-aba2-9a3141d26821": {"MP": "P.J.M.J. Moors", "PartyName": "VVD", "PartyID": "7476e97a-3243-4122-9df6-ba7d82a5279b"}, "412ecb41-f20c-477d-b8e7-d7b548a10a44": {"MP": "A. Slob", "PartyName": "CU", "PartyID": "d720f5af-0516-408a-b830-0b6ffb8a581c"}, "99c6218e-8f0c-45d4-bd24-f300c6cfcb2f": {"MP": "C.N. van den Berge", "PartyName": "GL", "PartyID": "8fd1a907-0355-4d27-8dc1-fd5a531b471e"}, "02d6be0f-0377-4293-8835-17004dfce694": {"MP": "M. Servaes", "PartyName": "PvdA", "PartyID": "8d46d23c-4f20-49be-b279-5439a2ef8d17"}, "7dc8c80e-6b9a-47e5-b61f-d57bcb36158f": {"MP": "S. Geleijnse", "PartyName": "50PLUS", "PartyID": "a34bf6c8-834e-4dba-b4d2-f2f1b3957bd2"}, "2d1a4211-d500-4922-bbf5-0bd64353329c": {"MP": "B.C. de Liefde", "PartyName": "VVD", "PartyID": "7476e97a-3243-4122-9df6-ba7d82a5279b"}, "64f39510-b420-4b01-8b5e-2b2f2b0aad91": {"MP": "P. van Houwelingen", "PartyName": "FVD", "PartyID": "e0b7b638-de3c-47cc-85bd-341dd65ea33d"}, "7265b8e8-62d4-4ba2-8117-8f758fbf606e": {"MP": "H. van Bommel", "PartyName": "SP", "PartyID": "a3689bb6-3914-4d5c-a6a8-42e24582e299"}, "b4e1d8cf-e8cf-4b66-9ded-97fc8176fa4a": {"MP": "K.H.D.M. Dijkhoff", "PartyName": "VVD", "PartyID": "7476e97a-3243-4122-9df6-ba7d82a5279b"}, "9e79de98-e914-4dc8-8dc7-6d7cb09b93d7": {"MP": "B.C. Kathmann", "PartyName": "PvdA", "PartyID": "8d46d23c-4f20-49be-b279-5439a2ef8d17"}, "6a54c095-9872-4322-81be-114b74233d40": {"MP": "J.J. van der Werf", "PartyName": "D66", "PartyID": "4e9f6f5b-2544-4667-8134-6b85c4ebb4e0"}, "359e90b6-6f1f-47e9-a46b-d0ff54836077": {"MP": "F.J.H. Jansen", "PartyName": "FVD", "PartyID": "e0b7b638-de3c-47cc-85bd-341dd65ea33d"}, "b221afb0-2758-4ace-846a-7bfc33389ad6": {"MP": "E.S. Akerboom", "PartyName": "PvdD", "PartyID": "d3b4d880-ef37-4ce6-99ec-4940266ac466"}, "f289b7eb-f6ba-415b-90d9-1124c652637c": {"MP": "F. Sahla", "PartyName": "D66", "PartyID": "4e9f6f5b-2544-4667-8134-6b85c4ebb4e0"}, "da756f9c-3f10-4ab8-9fa8-75812e248959": {"MP": "J. Wuite", "PartyName": "", "PartyID": 0}, "7954eb2c-1bf5-42af-80dc-85f29b367db0": {"MP": "F.L. Idsinga", "PartyName": "VVD", "PartyID": "7476e97a-3243-4122-9df6-ba7d82a5279b"}, "71df2edb-5973-46ec-82d7-c65ccd00abd4": {"MP": "M.E. Maij", "PartyName": "PvdA", "PartyID": "8d46d23c-4f20-49be-b279-5439a2ef8d17"}, "b8663b71-f92b-4d2b-a06b-f78dba168d98": {"MP": "S.T.M. Hermans", "PartyName": "VVD", "PartyID": "7476e97a-3243-4122-9df6-ba7d82a5279b"}, "950c21d2-8a14-406d-b3af-877360bbd0ab": {"MP": "A. Podt", "PartyName": "D66", "PartyID": "4e9f6f5b-2544-4667-8134-6b85c4ebb4e0"}, "8f81c0fd-e9cc-42ad-8e93-7bb0456955d3": {"MP": "G.P. van den Anker", "PartyName": "CDA", "PartyID": "62c1a13c-85ff-40ed-90f7-a9546d61f869"}, "f6e59e50-f22a-450c-8d4f-8a7072e50277": {"MP": "G.J.F. Popken", "PartyName": "PVV", "PartyID": "65129918-f256-4975-9da4-488da34d6695"}, "d59d1492-57b6-482b-88b6-b2b77c45c33d": {"MP": "O.R. Ephraim", "PartyName": "Groep Van Haga", "PartyID": "7113623f-909d-4a24-a48e-c7577f851e63"}, "23fcb971-c02b-4a00-aa1f-6feed871c5d4": {"MP": "I.K. van Engelshoven", "PartyName": "D66", "PartyID": "4e9f6f5b-2544-4667-8134-6b85c4ebb4e0"}, "9f0c39d6-4a57-4849-9215-aa1147c7e0f6": {"MP": "N.J.F. Pouw-Verweij", "PartyName": "JA21", "PartyID": "fab6e7e1-9d63-446a-a6e1-e1c74e3f679e"}, "f067f702-8e06-491a-9498-462205d1aaec": {"MP": "M.F. Strolenberg", "PartyName": "VVD", "PartyID": "7476e97a-3243-4122-9df6-ba7d82a5279b"}, "ef8d31db-0876-4998-b0d9-056643260d46": {"MP": "V.D.D. van Weerdenburg", "PartyName": "PVV", "PartyID": "65129918-f256-4975-9da4-488da34d6695"}, "13446ead-584b-4835-88bd-26550c4c2ef2": {"MP": "K. Gerbrands", "PartyName": "PVV", "PartyID": "65129918-f256-4975-9da4-488da34d6695"}, "43fd0a28-6a9c-4427-a55c-211fbae70091": {"MP": "O.E.T. (Otwin) van Dijk", "PartyName": "PvdA", "PartyID": "8d46d23c-4f20-49be-b279-5439a2ef8d17"}, "d3023879-e3c7-411b-bb8a-1a0be0ca6035": {"MP": "J. Taverne", "PartyName": "VVD", "PartyID": "7476e97a-3243-4122-9df6-ba7d82a5279b"}, "cd02edbc-106e-46d1-8d70-6594741356ea": {"MP": "F.B. Minhas", "PartyName": "VVD", "PartyID": "7476e97a-3243-4122-9df6-ba7d82a5279b"}, "8dcd68d9-3f9b-4c92-b3e6-9f6c48a3bdfe": {"MP": "H. Zijlstra", "PartyName": "VVD", "PartyID": "7476e97a-3243-4122-9df6-ba7d82a5279b"}, "d89044ef-b7df-4a15-be10-d342fe381664": {"MP": "W. Paulusma", "PartyName": "D66", "PartyID": "4e9f6f5b-2544-4667-8134-6b85c4ebb4e0"}, "80d891ee-7f80-4d4f-b486-3b0d1a9fd67a": {"MP": "A. Marcouch", "PartyName": "PvdA", "PartyID": "8d46d23c-4f20-49be-b279-5439a2ef8d17"}, "ea21d788-7cfe-41ff-b22f-0664397139af": {"MP": "U. Ellian", "PartyName": "VVD", "PartyID": "7476e97a-3243-4122-9df6-ba7d82a5279b"}, "d3eeba5c-e756-485b-978e-a91629c31e57": {"MP": "J.M.A.M. de Wit", "PartyName": "SP", "PartyID": "a3689bb6-3914-4d5c-a6a8-42e24582e299"}, "4a9d1641-505a-4e22-96d3-36be9d1e6322": {"MP": "V.A. Groot", "PartyName": "PvdA", "PartyID": "8d46d23c-4f20-49be-b279-5439a2ef8d17"}, "c4f7c468-721e-4953-97f2-bff05fe570c4": {"MP": "Z. El Yassini", "PartyName": "VVD", "PartyID": "7476e97a-3243-4122-9df6-ba7d82a5279b"}, "148dfb11-3f22-46f3-9c7d-62a0c3c98d7e": {"MP": "B.I. van der Burg", "PartyName": "VVD", "PartyID": "7476e97a-3243-4122-9df6-ba7d82a5279b"}, "3c96ed5d-f7bf-4cae-9ec7-a5a29f5299da": {"MP": "C.A. Jansen", "PartyName": "PVV", "PartyID": "65129918-f256-4975-9da4-488da34d6695"}, "8767e9de-869e-4e8a-940f-1a63d15eab3c": {"MP": "A.H.J. de Kort", "PartyName": "VVD", "PartyID": "7476e97a-3243-4122-9df6-ba7d82a5279b"}, "14d9be8b-5e75-401c-a1cc-7a8ab59b36e7": {"MP": "A.A. Asante", "PartyName": "PvdA", "PartyID": "8d46d23c-4f20-49be-b279-5439a2ef8d17"}, "fac3056b-df3b-4712-9ae3-56472806747b": {"MP": "M.H.H. Baay-Timmerman", "PartyName": "50PLUS/Baay-Timmerman", "PartyID": "b094bfef-e14b-4868-8d2e-78e12c6077d1"}, "cd5a2cfd-7689-4a6e-aed1-df2a773bab9c": {"MP": "H.J.M. Leenders", "PartyName": "PvdA", "PartyID": "8d46d23c-4f20-49be-b279-5439a2ef8d17"}, "fcdd8eba-ce4c-40ad-b68e-4fe542abd6b3": {"MP": "M.I. Hamer", "PartyName": "PvdA", "PartyID": "8d46d23c-4f20-49be-b279-5439a2ef8d17"}, "13212269-878d-4abd-82b3-dcebd68073fd": {"MP": "S.C.C.M. Potters", "PartyName": "VVD", "PartyID": "7476e97a-3243-4122-9df6-ba7d82a5279b"}, "8129f279-1ddd-45e3-8de4-e9ceb5a68d34": {"MP": "A. (Anne) Mulder", "PartyName": "VVD", "PartyID": "7476e97a-3243-4122-9df6-ba7d82a5279b"}, "26fafe12-cb5a-4eee-bca0-dc78cb688be3": {"MP": "S. G\u00fcnal-Gezer", "PartyName": "PvdA", "PartyID": "8d46d23c-4f20-49be-b279-5439a2ef8d17"}, "034829b1-019f-4ee2-8961-83e82ac2eaa3": {"MP": "M. (Martin) Bosma", "PartyName": "PVV", "PartyID": "65129918-f256-4975-9da4-488da34d6695"}, "13d5095e-c5df-4cbb-a2f4-c0bb142e9397": {"MP": "R. Verkuijlen", "PartyName": "VVD", "PartyID": "7476e97a-3243-4122-9df6-ba7d82a5279b"}, "974099ff-20a6-4119-84be-96e244befc55": {"MP": "M. Azmani", "PartyName": "VVD", "PartyID": "7476e97a-3243-4122-9df6-ba7d82a5279b"}, "7f11ad79-297b-4b42-9fe0-f3fd38a470a9": {"MP": "A. Schut-Welkzijn", "PartyName": "VVD", "PartyID": "7476e97a-3243-4122-9df6-ba7d82a5279b"}, "6e4027b2-cb08-44ca-b030-07d9074512d1": {"MP": "S.W. Dikkers", "PartyName": "PvdA", "PartyID": "8d46d23c-4f20-49be-b279-5439a2ef8d17"}, "20427a83-6da2-4f6d-aee0-7516ba4feab1": {"MP": "G.S.I.A. Tanamal", "PartyName": "PvdA", "PartyID": "8d46d23c-4f20-49be-b279-5439a2ef8d17"}, "b23257b9-1d5e-4d4f-a2ee-cc4501ae5c6a": {"MP": "R. van der Velde", "PartyName": "PvdA", "PartyID": "8d46d23c-4f20-49be-b279-5439a2ef8d17"}, "4bf69aa9-29a7-44db-b7ee-8bfa40e343dd": {"MP": "Q.M. Rajkowski", "PartyName": "VVD", "PartyID": "7476e97a-3243-4122-9df6-ba7d82a5279b"}, "e6e673f5-f0a7-4d34-a6aa-d2f12fed24ed": {"MP": "G.A. van der Steur", "PartyName": "VVD", "PartyID": "7476e97a-3243-4122-9df6-ba7d82a5279b"}, "a1811d65-87c9-484a-ac37-d0ba90214f91": {"MP": "Y. Berckmoes-Duindam", "PartyName": "VVD", "PartyID": "7476e97a-3243-4122-9df6-ba7d82a5279b"}, "1899007b-67d2-4699-b896-2fdd92b69fc1": {"MP": "R.E. van der Linde", "PartyName": "VVD", "PartyID": "7476e97a-3243-4122-9df6-ba7d82a5279b"}, "2c1bbe45-f5e6-4896-b487-5d2864198a11": {"MP": "R.W. Leegte", "PartyName": "VVD", "PartyID": "7476e97a-3243-4122-9df6-ba7d82a5279b"}, "33647c30-4edf-4fdf-93e5-5977180982a0": {"MP": "T.M.Ch. Elias", "PartyName": "VVD", "PartyID": "7476e97a-3243-4122-9df6-ba7d82a5279b"}, "35d9ddbe-1687-4f95-8821-d5b82c2cf205": {"MP": "D.M. Samsom", "PartyName": "PvdA", "PartyID": "8d46d23c-4f20-49be-b279-5439a2ef8d17"}, "8b3664bd-77e4-468b-af96-f3f4ec27fcce": {"MP": "M. Rutte", "PartyName": "VVD", "PartyID": "7476e97a-3243-4122-9df6-ba7d82a5279b"}, "a3986ffd-c057-46cc-afd5-54846c9955ef": {"MP": "F. Teeven", "PartyName": "VVD", "PartyID": "7476e97a-3243-4122-9df6-ba7d82a5279b"}, "3322191a-8ca5-4a69-bb2f-d516086c28ae": {"MP": "M. Goudzwaard", "PartyName": "JA21", "PartyID": "fab6e7e1-9d63-446a-a6e1-e1c74e3f679e"}, "b6c27e98-0f7f-42a2-9fae-50b5f8ca76cc": {"MP": "H. Rahimi", "PartyName": "VVD", "PartyID": "7476e97a-3243-4122-9df6-ba7d82a5279b"}, "af31a147-9feb-4f6e-8e8a-aeced0fcc56f": {"MP": "R. Vuijk", "PartyName": "VVD", "PartyID": "7476e97a-3243-4122-9df6-ba7d82a5279b"}, "de076177-b820-4aff-9629-6829277e1c16": {"MP": "M.L. Verheijen", "PartyName": "VVD", "PartyID": "7476e97a-3243-4122-9df6-ba7d82a5279b"}, "ad44b24f-bb14-4f4a-a476-3cbbb3e9cdb0": {"MP": "T. van Gent", "PartyName": "VVD", "PartyID": "7476e97a-3243-4122-9df6-ba7d82a5279b"}, "c1554da8-5650-43fe-893a-2cd8f5f8b4d5": {"MP": "G.M.Mc. William", "PartyName": "", "PartyID": 0}, "da26504f-588f-4f69-85bd-1e2b627441e2": {"MP": "R.G. Tjon ", "PartyName": "", "PartyID": 0}, "efbd64bd-4263-433f-a3f2-67386477de49": {"MP": "J.E. Thijsen", "PartyName": "", "PartyID": 0}, "0be150ac-e44d-483e-bdbf-299647e9f8b2": {"MP": "A.C.G. Bikker", "PartyName": "", "PartyID": 0}, "39264f53-3ba8-4732-a408-afebe5bec233": {"MP": "D.G. de Sousa-Croes", "PartyName": "", "PartyID": 0}, "618bbc2f-4dc0-41a2-8ae0-7dd1e4a76c90": {"MP": "V.H.C. de Weever", "PartyName": "", "PartyID": 0}, "409289ab-9547-46db-be9f-d8e3d7c1df41": {"MP": "L.M. Marlin-Romeo", "PartyName": "", "PartyID": 0}, "58fc3889-ed2a-4cb0-bbd8-54ef85e3f9a1": {"MP": "G.T. Sulvaran", "PartyName": "", "PartyID": 0}, "7ca42fe3-e292-4aff-9275-57889d920853": {"MP": "E.A. Haverkort", "PartyName": "VVD", "PartyID": "7476e97a-3243-4122-9df6-ba7d82a5279b"}, "722997ad-c4fa-4012-9ea5-f1314978764b": {"MP": "M.A.J. Snoeren", "PartyName": "VVD", "PartyID": "7476e97a-3243-4122-9df6-ba7d82a5279b"}, "70af2625-600a-4ff6-bfe5-52b2ca26b437": {"MP": "J.A. Hennis-Plasschaert", "PartyName": "VVD", "PartyID": "7476e97a-3243-4122-9df6-ba7d82a5279b"}, "78464103-e740-4fff-b508-c5377a089cb7": {"MP": "P.J.M. Litjens", "PartyName": "VVD", "PartyID": "7476e97a-3243-4122-9df6-ba7d82a5279b"}, "0cd71c11-bddf-46af-a796-780a4756c2b0": {"MP": "H. Bevers", "PartyName": "VVD", "PartyID": "7476e97a-3243-4122-9df6-ba7d82a5279b"}, "306ecdd8-bc7c-4311-aaf0-ccc29222313f": {"MP": "S.M. Richardson", "PartyName": "VVD", "PartyID": "7476e97a-3243-4122-9df6-ba7d82a5279b"}, "e740c2a5-57ae-47ef-bcd2-fbfcca2affc1": {"MP": "A.M. Sneek ", "PartyName": "", "PartyID": 0}, "0c78eba7-66a3-4ec9-b084-ed30e0ec5d6f": {"MP": "A. van Miltenburg", "PartyName": "VVD", "PartyID": "7476e97a-3243-4122-9df6-ba7d82a5279b"}, "6490a01c-b871-4639-8d60-820be9ac7834": {"MP": "R.P.G. (Remco) Bosma", "PartyName": "VVD", "PartyID": "7476e97a-3243-4122-9df6-ba7d82a5279b"}, "efd89dff-2cde-4afc-ab14-e4f9795d1407": {"MP": "M.N. Bolkestein", "PartyName": "VVD", "PartyID": "7476e97a-3243-4122-9df6-ba7d82a5279b"}, "85f67e79-5385-444f-9bf0-be01daa37e03": {"MP": "M.J.T. Martens (EP/CDA)", "PartyName": "", "PartyID": 0}, "0c463ce0-e8cb-4066-b37c-e664dd2f4203": {"MP": "S. Warmerdam", "PartyName": "D66", "PartyID": "4e9f6f5b-2544-4667-8134-6b85c4ebb4e0"}, "7adae072-f9e6-4c0c-a1ae-fc10e9fad200": {"MP": "X.J. Ruiz-Maduro", "PartyName": "", "PartyID": 0}, "a6727ba5-e45d-4f28-b2fb-6bb73d255d81": {"MP": "C.G. Dammers", "PartyName": "", "PartyID": 0}, "2d6d4590-453c-4970-9640-6a64c5d9645c": {"MP": "M.E. Huizing", "PartyName": "VVD", "PartyID": "7476e97a-3243-4122-9df6-ba7d82a5279b"}, "9e009009-0ec2-4eea-9a2e-dfd82f88db87": {"MP": "M.H.P. van Dam", "PartyName": "PvdA", "PartyID": "8d46d23c-4f20-49be-b279-5439a2ef8d17"}, "3c169621-1134-429d-939c-77bb6dfe3185": {"MP": "L.A.J.M. Dassen", "PartyName": "", "PartyID": 0}}