{"d720f5af-0516-408a-b830-0b6ffb8a581c": {"Name": "ChristenUnie", "ShortName": "CU", "AssignedPartyID": "d720f5af-0516-408a-b830-0b6ffb8a581c", "x": "-0.266", "y": "0.151"}, "5452aab2-d0cb-40a8-82b7-144c6e6bc5ca": {"Name": "Van Kooten-Arissen", "ShortName": "vKA", "AssignedPartyID": "d3b4d880-ef37-4ce6-99ec-4940266ac466", "x": "-1.000", "y": "0.655"}, "b4907c2d-282d-465e-bf23-18369f68086c": {"Name": "50PLUS/Klein", "ShortName": "50PLUS/Klein", "AssignedPartyID": "b4907c2d-282d-465e-bf23-18369f68086c", "x": "-0.207", "y": "-0.122"}, "18e95d6d-1684-4fa0-968a-1a6140d2d793": {"Name": "BIJ1", "ShortName": "BIJ1", "AssignedPartyID": "18e95d6d-1684-4fa0-968a-1a6140d2d793", "x": "-1.000", "y": "0.850"}, "92dec5db-fce3-4235-b432-2feec47d3241": {"Name": "Baay-Timmerman", "ShortName": "Baay-Timmerman", "AssignedPartyID": "92dec5db-fce3-4235-b432-2feec47d3241", "x": "-0.207", "y": "-0.122"}, "e0b7b638-de3c-47cc-85bd-341dd65ea33d": {"Name": "Forum voor Democratie", "ShortName": "FVD", "AssignedPartyID": "e0b7b638-de3c-47cc-85bd-341dd65ea33d", "x": "0.712", "y": "-0.741"}, "a3689bb6-3914-4d5c-a6a8-42e24582e299": {"Name": "Socialistische Partij", "ShortName": "SP", "AssignedPartyID": "a3689bb6-3914-4d5c-a6a8-42e24582e299", "x": "-1.000", "y": "0.403"}, "65129918-f256-4975-9da4-488da34d6695": {"Name": "Partij voor de Vrijheid", "ShortName": "PVV", "AssignedPartyID": "65129918-f256-4975-9da4-488da34d6695", "x": "-0.151", "y": "-0.741"}, "d3b4d880-ef37-4ce6-99ec-4940266ac466": {"Name": "Partij voor de Dieren", "ShortName": "PvdD", "AssignedPartyID": "d3b4d880-ef37-4ce6-99ec-4940266ac466", "x": "-1.000", "y": "0.655"}, "ae60c2d3-5f87-4170-8f0c-503c36ddd130": {"Name": "Groep Krol/van Kooten-Arissen", "ShortName": "Groep Krol/vKA", "AssignedPartyID": "ae60c2d3-5f87-4170-8f0c-503c36ddd130", "x": "-0.207", "y": "-0.122"}, "e2c3dd23-f247-430a-9c94-53f9f5c06c0b": {"Name": "Van Vliet", "ShortName": "Van Vliet", "AssignedPartyID": "e2c3dd23-f247-430a-9c94-53f9f5c06c0b", "x": "-0.151", "y": "-0.741"}, "8d46d23c-4f20-49be-b279-5439a2ef8d17": {"Name": "Partij van de Arbeid", "ShortName": "PvdA", "AssignedPartyID": "8d46d23c-4f20-49be-b279-5439a2ef8d17", "x": "-0.655", "y": "0.482"}, "ab3fa1a5-3bd9-413e-957f-61b2a697c967": {"Name": "G\u00fcndo\u011fan", "ShortName": "G\u00fcndo\u011fan", "AssignedPartyID": "ab3fa1a5-3bd9-413e-957f-61b2a697c967", "x": "-0.050", "y": "0.867"}, "2833a04a-0b87-4f74-bd9e-6597f695db43": {"Name": "Monasch", "ShortName": "Monasch", "AssignedPartyID": "2833a04a-0b87-4f74-bd9e-6597f695db43", "x": "-0.655", "y": "0.482"}, "4e9f6f5b-2544-4667-8134-6b85c4ebb4e0": {"Name": "Democraten 66", "ShortName": "D66", "AssignedPartyID": "4e9f6f5b-2544-4667-8134-6b85c4ebb4e0", "x": "-0.050", "y": "0.698"}, "9baf43e2-3081-4fb1-93c4-6f002f395271": {"Name": "Krol", "ShortName": "Krol", "AssignedPartyID": "9baf43e2-3081-4fb1-93c4-6f002f395271", "x": "-0.207", "y": "-0.122"}, "831e85cb-62dc-4341-84ec-78c3c593c244": {"Name": "Bontes", "ShortName": "BONTES", "AssignedPartyID": "831e85cb-62dc-4341-84ec-78c3c593c244", "x": "-0.151", "y": "-0.741"}, "b094bfef-e14b-4868-8d2e-78e12c6077d1": {"Name": "50PLUS/Baay-Timmerman", "ShortName": "50PLUS/Baay-Timmerman", "AssignedPartyID": "b094bfef-e14b-4868-8d2e-78e12c6077d1", "x": "-0.207", "y": "-0.122"}, "8140f3a2-f9c1-48a6-a0b2-7e6eb78b3006": {"Name": "Van Haga", "ShortName": "Van Haga", "AssignedPartyID": "8140f3a2-f9c1-48a6-a0b2-7e6eb78b3006", "x": "0.714", "y": "-0.741"}, "b04f833d-8704-4f2c-bd98-83f3068dbb24": {"Name": "Groep Kuzu/\u00d6zt\u00fcrk", "ShortName": "GrK\u00d6", "AssignedPartyID": "b04f833d-8704-4f2c-bd98-83f3068dbb24", "x": "-0.700", "y": "0.403"}, "ea1ba564-db2c-4c57-b867-91ac4dcc5643": {"Name": "Fractie Den Haan", "ShortName": "Fractie Den Haan", "AssignedPartyID": "ea1ba564-db2c-4c57-b867-91ac4dcc5643", "x": "-0.207", "y": "-0.122"}, "fc594dee-bad8-4caf-ba89-9496537c3527": {"Name": "Groep Bontes/Van Klaveren", "ShortName": "GrBvK", "AssignedPartyID": "fc594dee-bad8-4caf-ba89-9496537c3527", "x": "-0.151", "y": "-0.741"}, "77f9b6f1-b1a9-4d1b-a05e-9936e79d8fa5": {"Name": "Staatkundig Gereformeerde Partij", "ShortName": "SGP", "AssignedPartyID": "77f9b6f1-b1a9-4d1b-a05e-9936e79d8fa5", "x": "0.345", "y": "-0.468"}, "68b24085-9d89-4c00-a61c-a06a1493dcdd": {"Name": "Krol", "ShortName": "Krol", "AssignedPartyID": "68b24085-9d89-4c00-a61c-a06a1493dcdd", "x": "-0.207", "y": "-0.122"}, "4517964b-fe02-4b7c-b5df-a4357d750ca4": {"Name": "Van Klaveren", "ShortName": "Van Klaveren", "AssignedPartyID": "4517964b-fe02-4b7c-b5df-a4357d750ca4", "x": "-0.151", "y": "-0.741"}, "626555ac-e836-44e3-9978-a6a7f0abc3ce": {"Name": "BBB", "ShortName": "BBB", "AssignedPartyID": "626555ac-e836-44e3-9978-a6a7f0abc3ce", "x": "0.317", "y": "-0.367"}, "62c1a13c-85ff-40ed-90f7-a9546d61f869": {"Name": "Christen-Democratisch App\u00e8l", "ShortName": "CDA", "AssignedPartyID": "62c1a13c-85ff-40ed-90f7-a9546d61f869", "x": "0.065", "y": "-0.209"}, "deb74bb5-63a9-4ffc-98ed-af577167452e": {"Name": "DENK", "ShortName": "DENK", "AssignedPartyID": "deb74bb5-63a9-4ffc-98ed-af577167452e", "x": "-0.700", "y": "0.403"}, "6f14bed5-cf7c-4340-a334-b538bbea85a7": {"Name": "Van Kooten-Arissen", "ShortName": "vKA", "AssignedPartyID": "6f14bed5-cf7c-4340-a334-b538bbea85a7", "x": "-1.000", "y": "0.655"}, "5b457d01-2569-40e3-9201-b99b1d80c471": {"Name": "Houwers", "ShortName": "Houwers", "AssignedPartyID": "5b457d01-2569-40e3-9201-b99b1d80c471", "x": "0.568", "y": "-0.187"}, "7476e97a-3243-4122-9df6-ba7d82a5279b": {"Name": "Volkspartij voor Vrijheid en Democratie", "ShortName": "VVD", "AssignedPartyID": "7476e97a-3243-4122-9df6-ba7d82a5279b", "x": "0.568", "y": "-0.187"}, "7113623f-909d-4a24-a48e-c7577f851e63": {"Name": "Groep Van Haga", "ShortName": "Groep Van Haga", "AssignedPartyID": "7113623f-909d-4a24-a48e-c7577f851e63", "x": "0.712", "y": "-0.741"}, "acc6e04b-e53e-489b-8904-dc91d3af2e11": {"Name": "Omtzigt", "ShortName": "Omtzigt", "AssignedPartyID": "acc6e04b-e53e-489b-8904-dc91d3af2e11", "x": "0.065", "y": "-0.209"}, "fab6e7e1-9d63-446a-a6e1-e1c74e3f679e": {"Name": "JA21", "ShortName": "JA21", "AssignedPartyID": "fab6e7e1-9d63-446a-a6e1-e1c74e3f679e", "x": "0.597", "y": "-0.597"}, "eb72ccb0-e80a-42d0-8b15-ebc30051447c": {"Name": "Klein", "ShortName": "Klein", "AssignedPartyID": "eb72ccb0-e80a-42d0-8b15-ebc30051447c", "x": "-0.207", "y": "-0.122"}, "ae48391e-ce4d-47e0-86e3-ee310282f66f": {"Name": "Volt", "ShortName": "Volt", "AssignedPartyID": "ae48391e-ce4d-47e0-86e3-ee310282f66f", "x": "-0.050", "y": "0.867"}, "a34bf6c8-834e-4dba-b4d2-f2f1b3957bd2": {"Name": "50PLUS", "ShortName": "50PLUS", "AssignedPartyID": "a34bf6c8-834e-4dba-b4d2-f2f1b3957bd2", "x": "-0.207", "y": "-0.122"}, "8fd1a907-0355-4d27-8dc1-fd5a531b471e": {"Name": "GroenLinks", "ShortName": "GL", "AssignedPartyID": "8fd1a907-0355-4d27-8dc1-fd5a531b471e", "x": "-0.700", "y": "0.669"}}